Topic,Question,a,b,c,d,Correct Answer,Difficulty,Cognitive Level,Subject
Device Drivers and System Calls,What is a device driver stack?,A hierarchy of device drivers that are used to control a device,A hierarchy of system calls that are used to interact with a device,A hierarchy of operating systems that are used to control a device,A hierarchy of programs that are used to interact with a device,a,hard,analyzing,OS
Device Drivers and System Calls,Which of the following is NOT a type of device driver?,User mode driver,Kernel mode driver,Virtual mode driver,Hardware mode driver,c,hard,applying,OS
Device Drivers and System Calls,Which type of system call is used to create a new process?,Process management system call,Memory management system call,File system system call,Device driver system call,a,hard,applying,OS
Device Drivers and System Calls,Which of the following is a system call used to interact with hardware devices?,ioctl(),open(),close(),read(),a,medium,understanding,OS
Device Drivers and System Calls,Which of the following is a benefit of using system calls for I/O operations instead of using library functions?,Improved security,Improved performance,Improved functionality,Improved compatibility,a,medium,understanding,OS
Device Drivers and System Calls,Which of the following is a system call used to obtain the current time on the system?,time(),gettimeofday(),ctime(),mktime(),b,medium,understanding,OS
Device Drivers and System Calls,Which of the following is a system call used to change the permissions of a file?,chmod(),chown(),rename(),unlink(),a,medium,understanding,OS
Device Drivers and System Calls,Which of the following is a function used to register a device driver with the operating system?,request_irq(),register_chrdev(),open(),ioctl(),b,hard,applying,OS
Device Drivers and System Calls,Which of the following is NOT a type of system call?,Process management system call,Memory management system call,File system system call,Hardware management system call,d,easy,remembering,OS
Device Drivers and System Calls,What is the main difference between a system call and a library call?,A system call is executed in kernel mode while a library call is executed in user mode.,A library call is executed in kernel mode while a system call is executed in user mode.,A system call is used to manage memory while a library call is used to manage processes.,A library call is used to interact with hardware devices while a system call is used for I/O operations.,a,hard,applying,OS
Introduction to Operating Systems,What is an operating system?,A program that manages computer hardware,A program that manages computer software,A program that manages computer peripherals,A program that manages computer network,a,easy,remembering,OS
Introduction to Operating Systems,What are the main functions of an operating system?,Resource management,Security and protection,User interface,All of the above,d,medium,understanding,OS
Introduction to Operating Systems,What is the kernel of an operating system?,The central component that provides basic services for all other parts of the OS,A graphical interface that allows users to interact with the OS,A utility program that manages hardware and software resources,An application program that runs on the OS,a,hard,applying,OS
Introduction to Operating Systems,What is a shell in an operating system?,A program that provides a user interface for accessing operating system services,The central component of an operating system that manages hardware and software resources,A utility program that manages file systems and storage devices,An application program that runs on the OS,a,medium,understanding,OS
Introduction to Operating Systems,What is a process in an operating system?,A program that is currently executing,The physical hardware on which the operating system runs,The file system that stores the operating system,The user interface that allows users to interact with the operating system,a,medium,understanding,OS
Introduction to Operating Systems,What is a thread in an operating system?,A lightweight process that shares the same memory space as its parent process,A separate instance of the operating system that runs in parallel with other instances,A special type of file that stores data in a structured format,A program that is currently executing,a,hard,applying,OS
Introduction to Operating Systems,What is a scheduler in an operating system?,A component that determines which process/thread should run next,A program that manages file systems and storage devices,A utility that allows users to configure system settings,A graphical interface that allows users to interact with the OS,a,medium,understanding,OS
Introduction to Operating Systems,What is virtual memory in an operating system?,A technique that allows the OS to use more memory than is physically available,A utility that manages hardware and software resources,A program that provides a user interface for accessing operating system services,A special type of file that stores data in a structured format,a,hard,applying,OS
Introduction to Operating Systems,What is a device driver in an operating system?,A program that allows the operating system to communicate with hardware devices,A program that manages file systems and storage devices,A utility that allows users to configure system settings,A graphical interface that allows users to interact with the OS,a,medium,understanding,OS
Introduction to Operating Systems,What is a system call in an operating system?,An interface between a process and the operating system,A program that provides a user interface for accessing operating system services,A utility that manages hardware and software resources,A special type of file that stores data in a structured format,a,hard,applying,OS
Operating System Architecture and Components,What is the main function of the kernel in an operating system?,Manages user interfaces,Manages hardware resources,Manages file systems,Manages security,b,easy,understanding,OS
Operating System Architecture and Components,Which of the following is a component of the operating system that manages the allocation of system resources to applications?,File system,Kernel,Device drivers,System calls,b,medium,understanding,OS
Operating System Architecture and Components,Which of the following components is responsible for translating high-level programming languages into machine code that can be executed by the computer?,Compiler,Interpreter,Assembler,Linker,a,medium,applying,OS
Operating System Architecture and Components,What is the role of the shell in an operating system?,Manages hardware resources,Manages user interfaces,Manages file systems,Manages security,b,easy,understanding,OS
Operating System Architecture and Components,Which of the following is a component of an operating system that manages the communication between hardware and software components?,Kernel,File system,Device drivers,System calls,c,medium,applying,OS
Operating System Architecture and Components,Which of the following is a type of operating system architecture that allows multiple tasks to run concurrently?,Single-tasking,Multi-tasking,Real-time,Embedded,b,medium,understanding,OS
Operating System Architecture and Components,Which of the following is a component of an operating system that provides a consistent interface for interacting with hardware devices?,Kernel,File system,Device drivers,System calls,c,medium,understanding,OS
Operating System Architecture and Components,What is the purpose of the interrupt handler in an operating system?,To handle user input,To manage hardware resources,To allocate system resources,To respond to hardware events,d,hard,applying,OS
Operating System Architecture and Components,Which of the following is a component of an operating system that manages the storage and retrieval of data from secondary storage devices?,Kernel,File system,Device drivers,System calls,b,medium,understanding,OS
Operating System Architecture and Components,What is the purpose of the virtual memory manager in an operating system?,To manage the allocation of physical memory,To manage the allocation of virtual memory,To manage the allocation of file system space,To manage the allocation of system resources,b,hard,applying,OS
Process Management,What is a process?,A program in execution,An application program,An operating system,An input/output device,a,easy,remembering,OS
Process Management,What is a process control block (PCB)?,A data structure used to store information about a process,An output device used to display process information,An input device used to receive process information,An algorithm used to control process execution,a,medium,applying,OS
Process Management,What is a context switch?,The process of saving the context of one process and restoring the context of another process,The process of switching between user mode and kernel mode,The process of creating a new process,The process of destroying a process,a,medium,analyzing,OS
Process Management,What is a process scheduling algorithm?,An algorithm used by the operating system to determine which process should be executed next,An algorithm used by a user to determine which process should be executed next,An algorithm used by the processor to determine which process should be executed next,An algorithm used by the memory management unit to determine which process should be executed next,a,hard,analyzing,OS
Process Management,What is a deadlock?,A situation where two or more processes are unable to proceed because they are waiting for each other to release resources,A situation where a process has completed its execution,A situation where a process has terminated abnormally,A situation where a process has terminated normally,b,medium,analyzing,OS
Process Management,What is a race condition?,A situation where the behavior of a system depends on the order in which events occur,A situation where two processes are unable to proceed because they are waiting for each other to release resources,A situation where a process has completed its execution,A situation where a process has terminated abnormally,a,medium,analyzing,OS
Process Management,What is a thread?,A lightweight process,An operating system,A program in execution,An input/output device,a,easy,remembering,OS
Process Management,What is the difference between a process and a thread?,A process is an independent program with its own memory space while a thread is a subset of a process,A process is a subset of a thread while a thread is an independent program with its own memory space,A process and a thread are the same thing,A process is a program in execution while a thread is an operating system,a,medium,applying,OS
Process Management,What is process synchronization?,The process of coordinating the execution of multiple processes to ensure correct and consistent results,A situation where two or more processes are unable to proceed because they are waiting for each other to release resources,A situation where a process has completed its execution,A situation where a process has terminated abnormally,a,medium,analyzing,OS
Process Management,What is interprocess communication (IPC)?,A mechanism for processes to communicate and synchronize with each other,The process of creating a new process,The process of destroying a process,The process of switching between user mode and kernel mode,a,medium,analyzing,OS
Memory Management,Which of the following is not a primary function of an operating system's memory management system?,Allocation,Deallocation,Defragmentation,Protection,c,medium,analyzing,OS
Memory Management,Which memory allocation algorithm has a simple idea of dividing memory into equal-sized partitions at system startup?,First-fit algorithm,Best-fit algorithm,Worst-fit algorithm,Quick-fit algorithm,a,medium,understanding,OS
Memory Management,Which memory allocation algorithm always searches the entire memory list beginning with the smallest block that is big enough to satisfy a request?,First-fit algorithm,Best-fit algorithm,Worst-fit algorithm,Quick-fit algorithm,b,hard,applying,OS
Memory Management,Which of the following is not a benefit of using virtual memory?,Increased program capacity,Protection of memory space,Reduced external fragmentation,Reduced internal fragmentation,d,medium,understanding,OS
Memory Management,Which of the following is the process of bringing a page from secondary memory into main memory?,Page replacement,Page fault,Page hit,Page thrashing,b,easy,remembering,OS
Memory Management,Which of the following is a technique used by an operating system to manage and minimize the amount of physical memory required by a process?,Paging,Swapping,Fragmentation,Virtualization,a,hard,analyzing,OS
Memory Management,Which memory allocation algorithm selects the block that is closest in size to the requested size but not smaller than the requested size?,First-fit algorithm,Best-fit algorithm,Worst-fit algorithm,Quick-fit algorithm,b,medium,applying,OS
Memory Management,Which of the following is a measure of how quickly data can be accessed from a particular location in memory?,Latency,Bandwidth,Throughput,Access time,d,medium,understanding,OS
Memory Management,Which of the following is a memory management scheme that allows the physical address space of a process to be non-contiguous?,Contiguous allocation,Paging,Swapping,Segmentation,d,hard,analyzing,OS
Memory Management,Which of the following is not a commonly used page replacement algorithm?,FIFO,LRU,MRU,NRU,c,easy,applying,OS
File Systems and Management,Which of the following is the correct definition of a file system?,A way to organize and store data on a storage medium,An algorithm for compressing data,An application that manages file permissions,An interface for communicating with peripheral devices,a,medium,understanding,OS
File Systems and Management,What is the function of a directory in a file system?,To organize files and folders,To compress data,To manage file permissions,To communicate with peripheral devices,a,medium,understanding,OS
File Systems and Management,What is a file allocation table (FAT)?,A table that maps file names to their corresponding locations on a storage medium,A table that stores information about file compression,An algorithm for managing file permissions,An interface for communicating with peripheral devices,a,hard,applying,OS
File Systems and Management,What is fragmentation in a file system?,When a file is divided into many pieces and stored in non-contiguous locations on a storage medium,When a file is compressed and stored in a smaller space,When a file is encrypted for security reasons,When a file is stored in a directory with too many other files,a,hard,analyzing,OS
File Systems and Management,What is a symbolic link in a file system?,A type of file that contains only pointers to other files or directories,A file that contains the contents of another file,A file that is compressed for storage,A file that is encrypted for security reasons,a,hard,analyzing,OS
File Systems and Management,Which of the following is not a common file system used in modern operating systems?,NTFS,Ext4,FAT32,MS-DOS,d,medium,applying,OS
File Systems and Management,Which of the following file systems is used by default in macOS?,HFS+,NTFS,Ext4,FAT32,a,easy,understanding,OS
File Systems and Management,Which file system was introduced with Windows Vista?,FAT32,ExFAT,NTFS,ReFS,d,hard,analyzing,OS
File Systems and Management,Which of the following is not a type of file allocation used in file systems?,Linked allocation,Indexed allocation,Contiguous allocation,Binary allocation,d,hard,analyzing,OS
File Systems and Management,What is the maximum file size supported by the FAT32 file system?,2 GB,4 GB,8 GB,16 GB,b,medium,analyzing,OS
Input/Output (I/O) Management,Which of the following is true about synchronous I/O?,The calling process blocks until the I/O operation completes,Synchronous I/O is non-blocking,Synchronous I/O is used only for network communication,All of the above,a,medium,applying,OS
Input/Output (I/O) Management,Which of the following is true about asynchronous I/O?,The calling process does not block until the I/O operation completes,Asynchronous I/O is blocking,Asynchronous I/O is used only for file I/O operations,All of the above,a,medium,applying,OS
Input/Output (I/O) Management,Which of the following I/O models provides the best performance?,Asynchronous I/O,Synchronous I/O,Polling,Interrupt-driven I/O,a,hard,analyzing,OS
Input/Output (I/O) Management,What is the purpose of a device driver?,To provide an interface between the operating system and a specific hardware device,To manage the allocation of memory to processes,To schedule processes for execution,To provide an interface between the CPU and the memory,a,easy,understanding,OS
Input/Output (I/O) Management,What is the purpose of an interrupt handler?,To handle interrupts generated by hardware devices,To allocate memory to processes,To schedule processes for execution,To provide an interface between the CPU and the memory,a,medium,analyzing,OS
Input/Output (I/O) Management,What is the purpose of DMA (Direct Memory Access)?,To allow devices to transfer data directly to/from memory without involving the CPU,To allocate memory to processes,To schedule processes for execution,To provide an interface between the CPU and the memory,a,medium,analyzing,OS
Input/Output (I/O) Management,What is the difference between polling and interrupt-driven I/O?,Polling involves the CPU checking a device for data while interrupt-driven I/O involves the device generating an interrupt to the CPU when it has data to transfer,Polling is faster than interrupt-driven I/O,Polling is more efficient than interrupt-driven I/O,There is no difference between polling and interrupt-driven I/O,a,medium,applying,OS
Input/Output (I/O) Management,What is the role of a buffer in I/O operations?,To hold data temporarily while it is being transferred between devices,To allocate memory to processes,To schedule processes for execution,To provide an interface between the CPU and the memory,a,easy,understanding,OS
Input/Output (I/O) Management,What is the purpose of a file descriptor?,To identify a file that a process has opened or created,To allocate memory to processes,To schedule processes for execution,To provide an interface between the CPU and the memory,a,easy,understanding,OS
Input/Output (I/O) Management,What is the difference between a blocking and a non-blocking I/O operation?,In a blocking I/O operation the calling process blocks until the operation completes while in a non-blocking I/O operation the calling process does not block and can perform other tasks while waiting for the operation to complete,Blocking I/O operations are faster than non-blocking I/O operations,Non-blocking I/O operations are more efficient than blocking I/O operations,There is no difference between blocking and non-blocking I/O operations,a,medium,applying,OS
Security and Protection,Which of the following is not a type of malware?,Trojan horse,Worm,Firewall,Adware,c,easy,understanding,OS
Security and Protection,Which of the following authentication mechanisms verifies a user's identity through a combination of something the user knows something the user has and something the user is?,Single-factor authentication,Two-factor authentication,Three-factor authentication,Four-factor authentication,c,hard,analyzing,OS
Security and Protection,Which of the following is an example of symmetric encryption?,RSA,AES,DH,Diffie-Hellman,b,medium,applying,OS
Security and Protection,Which of the following is a common technique used to prevent unauthorized access to a system?,Encryption,Authentication,Authorization,Firewall,d,medium,understanding,OS
Security and Protection,Which of the following is a security mechanism used to ensure the confidentiality and integrity of data transmitted over a network?,Firewall,Intrusion detection system,Virtual private network,Packet sniffer,c,medium,applying,OS
Security and Protection,Which of the following is a type of attack that involves intercepting and modifying data packets in transit?,Phishing,Denial-of-service,Man-in-the-middle,Spoofing,c,hard,analyzing,OS
Security and Protection,What is a security audit?,The process of reviewing and assessing the security of a computer system,The process of encrypting data,The process of backing up data,The process of compressing data,a,hard,analyzing,OS
Security and Protection,What is a vulnerability in computer security?,A weakness in a computer system that can be exploited by attackers,An encryption algorithm,An antivirus software,An operating system feature,a,hard,applying,OS
Security and Protection,Which of the following is a type of access control that restricts a user's access to only the resources necessary to perform their job?,Role-based access control,Discretionary access control,Mandatory access control,Non-discretionary access control,a,hard,analyzing,OS
Security and Protection,Which of the following is a technique used to detect and prevent buffer overflow attacks?,Input validation,Error handling,Memory segmentation,Stack smashing protection,d,hard,analyzing,OS
Distributed Systems and Cloud Computing,Which of the following is not a key characteristic of a distributed system?,Transparency,Concurrency,Scalability,Reliability,d,easy,remembering,OS
Distributed Systems and Cloud Computing,Which of the following is a type of distributed system where the components work together to achieve a common goal but do not share a global state?,Loosely-coupled system,Tightly-coupled system,Clustered system,All of the above,a,medium,applying,OS
Distributed Systems and Cloud Computing,Which of the following is a type of distributed system where the components work together to achieve a common goal and share a global state?,Loosely-coupled system,Tightly-coupled system,Clustered system,All of the above,b,medium,applying,OS
Distributed Systems and Cloud Computing,Which of the following is a technique used in distributed systems to ensure consistency of data across different nodes?,Replication,Partitioning,Load balancing,All of the above,a,hard,analyzing,OS
Distributed Systems and Cloud Computing,Which of the following is a key advantage of using cloud computing?,Reduced infrastructure costs,Increased security risks,Decreased scalability,All of the above,a,medium,applying,OS
Distributed Systems and Cloud Computing,Which of the following is a cloud service model where the consumer uses the provider's applications over a network?,Infrastructure as a Service (IaaS),Platform as a Service (PaaS),Software as a Service (SaaS),All of the above,c,easy,understanding,OS
Distributed Systems and Cloud Computing,Which of the following is a cloud deployment model where the cloud infrastructure is only available to a single organization?,Public cloud,Private cloud,Hybrid cloud,All of the above,b,medium,applying,OS
Distributed Systems and Cloud Computing,Which of the following is a cloud deployment model where the cloud infrastructure is shared by multiple organizations but with different access levels and security measures?,Public cloud,Private cloud,Hybrid cloud,Community cloud,d,hard,analyzing,OS
Distributed Systems and Cloud Computing,Which of the following is a technology used in distributed systems to handle the failure of nodes in the system?,Replication,Load balancing,Fault tolerance,All of the above,c,medium,analyzing,OS
Distributed Systems and Cloud Computing,Which of the following is a type of distributed system that provides a way to share computing resources data and applications across different organizations or sites?,Clustered system,P2P system,Grid system,All of the above,c,hard,analyzing,OS
Operating System Performance Evaluation and Optimization,Which of the following tools is used for measuring the execution time of a program in Linux?,strace,top,time,perf,d,medium,understanding,OS
Operating System Performance Evaluation and Optimization,Which of the following is NOT a commonly used performance metric for operating systems?,Throughput,Response time,Latency,Color depth,d,easy,understanding,OS
Operating System Performance Evaluation and Optimization,Which of the following is a technique used for measuring the performance of a system or component under varying workloads?,Benchmarking,Profiling,Debugging,Unit testing,a,medium,applying,OS
Operating System Performance Evaluation and Optimization,Which of the following is a measure of how well the operating system manages resources?,Throughput,Response time,Latency,Utilization,d,medium,analyzing,OS
Operating System Performance Evaluation and Optimization,Which of the following is a technique used to improve system performance by reducing the number of times data must be read from or written to the disk?,Caching,Virtual memory,Swapping,Multiprogramming,a,hard,analyzing,OS
Operating System Performance Evaluation and Optimization,Which of the following is NOT a common technique used for optimizing system performance?,Process scheduling,Memory management,File system organization,Spam filtering,d,easy,understanding,OS
Operating System Performance Evaluation and Optimization,Which of the following is a measure of the maximum number of operations that can be completed in a given time period?,Throughput,Response time,Latency,Utilization,a,medium,analyzing,OS
Operating System Performance Evaluation and Optimization,Which of the following is a measure of the time it takes to complete a single operation?,Throughput,Response time,Latency,Utilization,c,medium,analyzing,OS
Operating System Performance Evaluation and Optimization,Which of the following is a technique used to improve system performance by overlapping the execution of multiple tasks or processes?,Multiprogramming,Pipelining,Caching,Virtual memory,a,hard,analyzing,OS
Operating System Performance Evaluation and Optimization,Which of the following is a technique used to improve system performance by reducing the amount of data that must be transferred between the CPU and memory?,Caching,Virtual memory,Swapping,Multiprogramming,b,hard,analyzing,OS
Introduction to Computer Networks,Which of the following is not a benefit of computer networks?,Data sharing,Resource sharing,Cost reduction,Centralized control,d,easy,remembering,CN
Introduction to Computer Networks,Which of the following is not a network topology?,Bus,Star,Ring,Circle,d,easy,remembering,CN
Introduction to Computer Networks,Which of the following device is used to connect two different networks together?,Hub,Switch,Router,Repeater,c,medium,applying,CN
Introduction to Computer Networks,Which protocol is used to transmit email messages?,HTTP,FTP,SMTP,TCP,c,medium,understanding,CN
Introduction to Computer Networks,Which of the following device is used to connect multiple devices in a network and broadcast data packets to all connected devices?,Router,Switch,Hub,Repeater,c,easy,remembering,CN
Introduction to Computer Networks,Which of the following protocol is used to transfer files over the internet?,HTTP,FTP,SMTP,TCP,b,easy,understanding,CN
Introduction to Computer Networks,Which of the following is not a network topological model?,Peer-to-Peer,Client-Server,Bus,Star,c,easy,remembering,CN
Introduction to Computer Networks,Which of the following is used to translate domain names into IP addresses?,DNS,SMTP,POP3,TCP,a,medium,understanding,CN
Introduction to Computer Networks,Which of the following refers to the process of dividing a message into smaller units and adding a header and a trailer to each unit?,Multiplexing,De-multiplexing,Segmentation,Reassembly,c,hard,analyzing,CN
Introduction to Computer Networks,Which of the following protocol is used for secure communication over the internet?,HTTP,FTP,SMTP,HTTPS,d,medium,understanding,CN
Network Topologies and Architectures,Which of the following is not a type of network topology?,Star,Mesh,Bus,Branch,d,easy,remembering,CN
Network Topologies and Architectures,Which of the following topology is used in wireless networks?,Mesh,Star,Ring,Tree,b,medium,understanding,CN
Network Topologies and Architectures,Which of the following topology connects all devices in a circular fashion?,Bus,Star,Ring,Mesh,c,easy,remembering,CN
Network Topologies and Architectures,Which of the following topology uses a central hub to connect devices?,Bus,Mesh,Ring,Star,d,easy,remembering,CN
Network Topologies and Architectures,Which of the following topology provides redundancy and fault tolerance in case of link failure?,Mesh,Star,Ring,Bus,a,medium,applying,CN
Network Topologies and Architectures,Which of the following is not a type of network architecture?,Client-Server,Peer-to-Peer,Hybrid,Tree,d,easy,remembering,CN
Network Topologies and Architectures,Which of the following architecture is commonly used in businesses and organizations?,Client-Server,Peer-to-Peer,Hybrid,Mesh,a,medium,understanding,CN
Network Topologies and Architectures,Which of the following architecture allows all devices to have equal responsibility and functionality?,Client-Server,Peer-to-Peer,Hybrid,Mesh,b,medium,understanding,CN
Network Topologies and Architectures,Which of the following architecture combines the features of both Client-Server and Peer-to-Peer architectures?,Client-Server,Peer-to-Peer,Hybrid,Tree,c,hard,analyzing,CN
Network Topologies and Architectures,Which of the following is not a benefit of network architectures?,Centralized control,Flexibility,Scalability,Security,a,easy,remembering,CN
Network Protocols and Standards,Which protocol is used for transferring web page data from a web server to a client's browser?,HTTP,FTP,SMTP,POP3,a,easy,remembering,CN
Network Protocols and Standards,Which protocol is used for securely transferring files between a client and server?,SFTP,FTP,TFTP,HTTP,a,medium,understanding,CN
Network Protocols and Standards,Which protocol is used for resolving IP addresses to MAC addresses?,ARP,DNS,ICMP,TCP,a,medium,understanding,CN
Network Protocols and Standards,Which protocol is used for establishing a secure connection between a client and a server?,SSL,TLS,HTTPS,SSH,c,hard,applying,CN
Network Protocols and Standards,Which protocol is used for sending email?,SMTP,POP3,IMAP,HTTP,a,medium,understanding,CN
Network Protocols and Standards,Which protocol is used for transferring files over the internet?,FTP,SFTP,TFTP,HTTP,a,easy,remembering,CN
Network Protocols and Standards,Which protocol is used for managing network devices?,SNMP,SMTP,POP3,HTTP,a,hard,applying,CN
Network Protocols and Standards,Which protocol is used for routing packets across multiple networks?,RIP,OSPF,BGP,IS-IS,c,hard,applying,CN
Network Protocols and Standards,Which protocol is used for assigning IP addresses to devices on a network?,DHCP,DNS,RARP,ICMP,a,medium,understanding,CN
Network Protocols and Standards,Which protocol is used for detecting and correcting errors in data transmissions?,TCP,UDP,IP,ICMP,d,hard,analyzing,CN
Physical layer and data transmission,What is the unit of data transmission in the physical layer of the OSI model?,Packet,Bit,Frame,Segment,b,medium,understanding,CN
Physical layer and data transmission,Which of the following is not a characteristic of the physical layer?,Data compression,Data encoding,Data transmission rate,Data synchronization,a,hard,applying,CN
Physical layer and data transmission,Which of the following refers to the physical medium used for data transmission?,Frequency,Amplitude,Phase,Medium,d,easy,remembering,CN
Physical layer and data transmission,Which of the following transmission media has the highest bandwidth?,Twisted-pair cable,Coaxial cable,Fiber-optic cable,Wi-Fi,c,medium,understanding,CN
Physical layer and data transmission,Which of the following transmission media is the most susceptible to interference?,Twisted-pair cable,Coaxial cable,Fiber-optic cable,Wi-Fi,a,medium,understanding,CN
Physical layer and data transmission,Which of the following is not a type of data transmission?,Simplex transmission,Duplex transmission,Half-duplex transmission,Quad-duplex transmission,d,hard,analyzing,CN
Physical layer and data transmission,Which of the following is the term used to describe the conversion of digital data into analog signals for transmission over a communication channel?,Modulation,Amplification,Filtering,Demodulation,a,medium,applying,CN
Physical layer and data transmission,Which of the following is the term used to describe the process of sending data from one device to another device?,Transmission,Reception,Propagation,Decompression,a,easy,remembering,CN
Physical layer and data transmission,Which of the following is not a characteristic of baseband transmission?,Uses a single frequency,Less susceptible to noise,Low transmission distance,Less expensive,c,hard,applying,CN
Physical layer and data transmission,Which of the following is not a modulation technique used in data transmission?,Amplitude modulation (AM),Frequency modulation (FM),Phase modulation (PM),Data modulation (DM),d,hard,analyzing,CN
Transport layer and congestion control,Which of the following is not a function of the transport layer?,Segmentation and reassembly,Error detection and correction,Flow control,Congestion control,b,medium,understanding,CN
Transport layer and congestion control,Which of the following protocol is used for reliable data transmission?,TCP,UDP,IP,SMTP,a,medium,understanding,CN
Transport layer and congestion control,What is the maximum size of data that can be sent in a single TCP segment?,64 KB,128 KB,256 KB,512 KB,a,hard,analyzing,CN
Transport layer and congestion control,Which of the following is not a mechanism used by TCP for congestion control?,Slow start,Congestion avoidance,Fast retransmit,Flow control,d,hard,analyzing,CN
Transport layer and congestion control,What is the purpose of the window size in TCP?,To regulate the flow of data between the sender and receiver,To detect errors in the data being transmitted,To segment and reassemble the data into packets,To encrypt the data being transmitted,a,medium,applying,CN
Transport layer and congestion control,What is the function of the UDP protocol?,To provide reliable data transmission,To provide congestion control,To provide flow control,To provide fast and efficient data transmission,d,medium,understanding,CN
Transport layer and congestion control,What is the purpose of the acknowledgement number in TCP?,To confirm the receipt of data by the receiver,To regulate the flow of data between the sender and receiver,To segment and reassemble the data into packets,To encrypt the data being transmitted,a,hard,applying,CN
Transport layer and congestion control,Which of the following is not a type of TCP header flag?,ACK,SYN,FIN,END,d,medium,understanding,CN
Transport layer and congestion control,Which of the following is not a cause of network congestion?,Too much data being transmitted,Network hardware failure,Slow response times from network devices,Network topology,c,hard,analyzing,CN
Transport layer and congestion control,What is the purpose of the checksum field in the TCP header?,To detect errors in the data being transmitted,To regulate the flow of data between the sender and receiver,To segment and reassemble the data into packets,To encrypt the data being transmitted,a,medium,applying,CN
Network layer and routing,Which layer of the OSI model is responsible for routing and forwarding packets?,Physical layer,Data link layer,Network layer,Transport layer,c,medium,understanding,CN
Network layer and routing,Which routing algorithm is used by the Internet Protocol (IP)?,Dijkstra's algorithm,Link-state routing algorithm,Bellman-Ford algorithm,Flooding algorithm,b,hard,analyzing,CN
Network layer and routing,What is the purpose of a routing table in a router?,To store the MAC addresses of devices in the network,To store the IP addresses of devices in the network,To store the location of devices in the network,To store the routes to destination networks,d,medium,applying,CN
Network layer and routing,Which type of routing protocol uses the hop count as the metric for selecting the best path to a destination network?,Link-state routing protocol,Distance-vector routing protocol,Path-vector routing protocol,Hybrid routing protocol,b,hard,understanding,CN
Network layer and routing,Which protocol is used by routers to exchange routing information?,HTTP,FTP,SMTP,OSPF,d,medium,understanding,CN
Network layer and routing,What is the purpose of a default route in a routing table?,To provide a backup route in case of a network failure,To provide a route to all other networks not listed in the routing table,To provide a route to the network's default gateway,To provide a route to the DNS server,b,hard,applying,CN
Network layer and routing,What is the purpose of the routing protocol RIP (Routing Information Protocol)?,To find the best path to a destination network based on hop count,To distribute routing information between routers in the same autonomous system,To provide secure communication between routers,To synchronize the clocks of routers in the network,b,medium,understanding,CN
Network layer and routing,Which type of routing protocol sends updates only when there is a change in the network topology?,Periodic routing protocol,Triggered routing protocol,Static routing protocol,Dynamic routing protocol,b,hard,applying,CN
Network layer and routing,Which type of routing protocol uses complex metrics to select the best path to a destination network?,Link-state routing protocol,Distance-vector routing protocol,Path-vector routing protocol,Hybrid routing protocol,a,medium,analyzing,CN
Network layer and routing,What is the purpose of the Internet Control Message Protocol (ICMP)?,To send error messages and operational information about network conditions,To encapsulate data packets for transmission over the network,To route packets through the network,To establish connections between devices on the network,a,medium,applying,CN
Application layer and network services,Which of the following protocols is used for remote access to a network?,SMTP,RDP,SSH,FTP,b,medium,understanding,CN
Application layer and network services,Which of the following protocols is used to retrieve email messages from a mail server?,SMTP,POP3,IMAP,FTP,b,medium,understanding,CN
Application layer and network services,Which protocol is used to transfer files between systems on the internet?,FTP,SFTP,SCP,TELNET,a,medium,understanding,CN
Application layer and network services,Which of the following is an example of a real-time communication protocol?,HTTP,SSH,VoIP,SMTP,c,hard,applying,CN
Application layer and network services,Which of the following protocols is used to access web pages on the internet?,HTTP,FTP,SMTP,TCP,a,easy,remembering,CN
Application layer and network services,Which of the following is not an email protocol?,SMTP,POP3,IMAP,RDP,d,medium,understanding,CN
Application layer and network services,Which protocol is used to securely transfer data over the internet?,FTP,SFTP,SCP,HTTPS,d,hard,applying,CN
Application layer and network services,Which of the following protocols is used for remote terminal emulation?,SSH,FTP,SMTP,TCP,a,medium,understanding,CN
Application layer and network services,Which of the following protocols is used for directory services?,DNS,LDAP,FTP,TFTP,b,hard,applying,CN
Application layer and network services,Which of the following protocols is used for network printing?,TCP/IP,LPR/LPD,FTP,SNMP,b,hard,applying,CN
Network security and encryption,Which of the following is not a type of network attack?,Phishing attack,Denial-of-service (DoS) attack,Server crash attack,Man-in-the-middle (MITM) attack,c,medium,understanding,CN
Network security and encryption,Which of the following protocol provides secure communication over the internet?,SSL,TCP,IP,FTP,a,hard,applying,CN
Network security and encryption,Which of the following encryption techniques uses a pair of keys (public and private) to encrypt and decrypt data?,Symmetric-key encryption,Hash encryption,Asymmetric-key encryption,Password-based encryption,c,hard,analyzing,CN
Network security and encryption,Which of the following is a type of malware that can replicate itself and spread to other computers without user's knowledge or permission?,Trojan horse,Worm,Virus,Rootkit,b,medium,applying,CN
Network security and encryption,Which of the following is not a type of authentication?,Password authentication,Biometric authentication,Certificate-based authentication,Encryption authentication,d,hard,applying,CN
Network security and encryption,Which of the following technique is used to hide the real IP address of a device by redirecting traffic through different servers or networks?,Firewall,VPN,Tunneling,Port scanning,b,medium,understanding,CN
Network security and encryption,Which of the following is a standard for secure communication over the internet?,AES,SHA-256,SSL/TLS,SSH,c,hard,analyzing,CN
Network security and encryption,Which of the following is not a type of network security threat?,Phishing,DoS attack,Adware,Spamming,c,easy,understanding,CN
Network security and encryption,Which of the following is a protocol that provides secure shell access to a remote server?,SSL,SSH,TLS,HTTPS,b,hard,applying,CN
Network security and encryption,Which of the following is a cryptographic protocol used to secure communication over the internet?,TCP/IP,SSL/TLS,HTTP,FTP,b,hard,applying,CN
Wireless and Mobile Networks,Which of the following is not a wireless network standard?,Bluetooth,Wi-Fi,ZigBee,LAN,d,easy,remembering,CN
Wireless and Mobile Networks,Which of the following is not a component of a wireless network?,Access point,Router,Wireless client,Server,d,easy,remembering,CN
Wireless and Mobile Networks,Which of the following network allows mobile devices to connect to the internet using cellular network?,Wi-Fi network,MANET network,WAN network,3G/4G network,c,medium,understanding,CN
Wireless and Mobile Networks,Which of the following is not a type of wireless network architecture?,Ad-hoc network,Infrastructure network,Cellular network,LAN network,d,easy,remembering,CN
Wireless and Mobile Networks,Which of the following is a protocol that enables wireless devices to communicate with each other by establishing a personal area network?,Bluetooth,Wi-Fi,ZigBee,GPS,a,medium,understanding,CN
Wireless and Mobile Networks,Which of the following is not a disadvantage of wireless networks?,Low speed,Interference and obstacles,Security concerns,High power consumption,d,easy,remembering,CN
Wireless and Mobile Networks,Which of the following technology is used for wireless local area network (WLAN)?,Bluetooth,GPS,IEEE 802.11,WiMax,c,medium,understanding,CN
Wireless and Mobile Networks,Which of the following network architecture is used in a mobile network?,Peer-to-Peer,Client-Server,Infrastructure,Ad-hoc,c,medium,applying,CN
Wireless and Mobile Networks,Which of the following is a technique that is used to improve wireless network coverage?,Repeater,Router,Firewall,Hub,a,medium,understanding,CN
Wireless and Mobile Networks,Which of the following is a protocol that is used for mobile communication?,GPRS,SMTP,HTTP,FTP,a,hard,analyzing,CN
Cloud computing and network virtualization,Which of the following is not a cloud service model?,Infrastructure as a Service (IaaS),Platform as a Service (PaaS),Software as a Service (SaaS),Desktop as a Service (DaaS),d,easy,remembering,CN
Cloud computing and network virtualization,Which of the following is a characteristic of cloud computing?,Limited scalability,Requires local installation,Pay-per-use model,Static configuration,c,medium,understanding,CN
Cloud computing and network virtualization,Which of the following technology is used to create virtual networks on top of physical networks?,Software Defined Networking (SDN),Network Address Translation (NAT),Quality of Service (QoS),Virtual Private Network (VPN),a,medium,applying,CN
Cloud computing and network virtualization,Which of the following is not a benefit of network virtualization?,Reduced hardware costs,Improved network security,Enhanced network flexibility,Easier network management,b,medium,understanding,CN
Cloud computing and network virtualization,Which of the following is not a characteristic of cloud computing?,On-demand self-service,Location-based services,Resource pooling,Rapid elasticity,b,medium,understanding,CN
Cloud computing and network virtualization,Which of the following technology is used to enable different virtual machines to share a single physical server?,Virtualization,Clustering,Partitioning,Load Balancing,a,medium,applying,CN
Cloud computing and network virtualization,Which of the following is a cloud deployment model?,Public cloud,Local cloud,Hybrid cloud,Personal cloud,a,medium,understanding,CN
Cloud computing and network virtualization,Which of the following is a security measure that can be used to secure cloud computing?,Firewalls,Intrusion Detection Systems (IDS),Virtual Private Networks (VPN),All of the above,d,hard,analyzing,CN
Cloud computing and network virtualization,Which of the following is a cloud computing platform provided by Amazon Web Services?,Microsoft Azure,Google Cloud Platform,AWS Elastic Beanstalk,OpenStack,c,hard,analyzing,CN
Cloud computing and network virtualization,Which of the following is not a characteristic of Software Defined Networking (SDN)?,Centralized control,Separation of control and data planes,Programmability of network devices,Use of proprietary protocols,d,hard,analyzing,CN
Introduction to DBMS,Which of the following is not a type of DBMS?,Hierarchical DBMS,Network DBMS,Relational DBMS,Object-Oriented DBMS,d,easy,remembering,DBMS
Introduction to DBMS,What is the purpose of a database?,To store and manage data,To create software applications,To browse the internet,To edit images and videos,a,easy,remembering,DBMS
Introduction to DBMS,Which of the following is not a component of DBMS?,Database administrator,Database schema,Database tables,Operating system,d,medium,understanding,DBMS
Introduction to DBMS,What is a primary key?,A unique identifier for each row in a table,An attribute that can have multiple values,An attribute that can be null,An attribute that is a foreign key,a,medium,understanding,DBMS
Introduction to DBMS,What is the difference between a DBMS and a file system?,DBMS provides efficient and secure access to data,File system does not allow sharing of data,File system provides backup and recovery options,File system is not designed for handling large amounts of data,a,medium,applying,DBMS
Introduction to DBMS,What is a foreign key?,An attribute that can have multiple values,An attribute that is a primary key in another table,An attribute that can be null,An attribute that is not used as a key,b,medium,understanding,DBMS
Introduction to DBMS,What is normalization in DBMS?,The process of organizing data to minimize redundancy,The process of deleting duplicate data,The process of creating a database schema,The process of connecting to a database,a,hard,analyzing,DBMS
Introduction to DBMS,What is SQL?,A language used to manage relational databases,An operating system for managing databases,An application used to create databases,An algorithm used to store data,a,medium,understanding,DBMS
Introduction to DBMS,What is a transaction?,A sequence of database operations that are treated as a single unit of work,An attribute in a database table,The process of removing data from a database,The process of adding data to a database,a,hard,applying,DBMS
Introduction to DBMS,What is a view in DBMS?,A virtual table based on the result of a query,An attribute in a database table,An index used to speed up queries,The process of creating a database schema,a,hard,analyzing,DBMS
Relational Model and Normalization,Which of the following is not a property of a relation in a relational database?,Each row is unique,Each column has a unique name,Order of rows is important,Each cell contains atomic values,c,medium,understanding,DBMS
Relational Model and Normalization,Which normal form eliminates transitive dependencies?,1NF,2NF,3NF,BCNF,c,medium,understanding,DBMS
Relational Model and Normalization,Which of the following is used to represent relationships between tables in a relational database?,Foreign key,Primary key,Unique key,Composite key,a,easy,remembering,DBMS
Relational Model and Normalization,Which of the following is a technique used to design and improve the structure of a relational database?,Normalization,Denormalization,Data modeling,Data warehousing,a,medium,applying,DBMS
Relational Model and Normalization,Which normal form is achieved when all non-key attributes are functionally dependent on the primary key?,1NF,2NF,3NF,BCNF,c,medium,understanding,DBMS
Relational Model and Normalization,Which of the following is not a type of join in SQL?,Inner join,Outer join,Left join,Top join,d,medium,understanding,DBMS
Relational Model and Normalization,Which of the following is used to ensure referential integrity in a relational database?,Primary key,Foreign key,Composite key,Unique key,b,easy,remembering,DBMS
Relational Model and Normalization,Which of the following is a technique used to remove redundancy in a database?,Normalization,Denormalization,Data modeling,Data warehousing,a,medium,applying,DBMS
Relational Model and Normalization,Which normal form is achieved when all non-key attributes are functionally dependent on the primary key and there are no transitive dependencies?,1NF,2NF,3NF,BCNF,d,hard,analyzing,DBMS
Relational Model and Normalization,Which of the following is a property of a good database design?,Elimination of redundancy,High data density,Low data integrity,Low data consistency,a,medium,applying,DBMS
SQL and Data Definition Language (DDL),What is the full form of SQL?,Structured Query List,Structured Query Language,Standard Query List,Standard Query Language,b,easy,remembering,DBMS
SQL and Data Definition Language (DDL),What is the purpose of Data Definition Language (DDL) in SQL?,To define and modify the structure of database objects,To manipulate and retrieve data from a database,To control access to the database,To perform backup and recovery of the database,a,medium,understanding,DBMS
SQL and Data Definition Language (DDL),Which of the following statements is used to create a table in SQL?,SELECT,CREATE,UPDATE,DELETE,b,medium,understanding,DBMS
SQL and Data Definition Language (DDL),What is the purpose of the PRIMARY KEY constraint in SQL?,To ensure that the values in a column are unique,To specify a default value for a column,To allow null values in a column,To define a relationship between two tables,a,hard,applying,DBMS
SQL and Data Definition Language (DDL),Which of the following statements is used to alter a table in SQL?,ALTER TABLE,MODIFY TABLE,UPDATE TABLE,CHANGE TABLE,a,hard,analyzing,DBMS
SQL and Data Definition Language (DDL),Which of the following statements is used to add a new column to an existing table in SQL?,ADD COLUMN,INSERT COLUMN,NEW COLUMN,CREATE COLUMN,a,medium,understanding,DBMS
SQL and Data Definition Language (DDL),What is the purpose of the FOREIGN KEY constraint in SQL?,To enforce referential integrity between tables,To ensure that the values in a column are unique,To specify a default value for a column,To allow null values in a column,a,hard,applying,DBMS
SQL and Data Definition Language (DDL),Which of the following statements is used to drop a table in SQL?,DROP TABLE,DELETE TABLE,REMOVE TABLE,ERASE TABLE,a,medium,understanding,DBMS
SQL and Data Definition Language (DDL),What is the purpose of the CHECK constraint in SQL?,To ensure that the values in a column satisfy a specific condition,To specify a default value for a column,To allow null values in a column,To define a relationship between two tables,a,hard,applying,DBMS
SQL and Data Definition Language (DDL),Which of the following statements is used to create an index in SQL?,CREATE INDEX,ADD INDEX,MAKE INDEX,GENERATE INDEX,a,medium,understanding,DBMS
Data Manipulation Language (DML) and Query Optimization,Which of the following is not a type of SQL statement?,Data Definition Language (DDL),Data Manipulation Language (DML),Data Query Language (DQL),Data Control Language (DCL),c,easy,remembering,DBMS
Data Manipulation Language (DML) and Query Optimization,Which of the following SQL statement is used to insert new records into a table?,SELECT,UPDATE,DELETE,INSERT,d,easy,remembering,DBMS
Data Manipulation Language (DML) and Query Optimization,Which of the following SQL statement is used to retrieve data from a database?,SELECT,INSERT,UPDATE,DELETE,a,easy,remembering,DBMS
Data Manipulation Language (DML) and Query Optimization,Which of the following SQL operator is used to join tables?,GROUP BY,ORDER BY,JOIN BY,FILTER BY,c,medium,understanding,DBMS
Data Manipulation Language (DML) and Query Optimization,Which of the following SQL statement is used to change the data in a database?,SELECT,UPDATE,DELETE,INSERT,b,easy,remembering,DBMS
Data Manipulation Language (DML) and Query Optimization,Which of the following SQL statement is used to remove data from a database?,SELECT,UPDATE,DELETE,INSERT,c,easy,remembering,DBMS
Data Manipulation Language (DML) and Query Optimization,Which of the following SQL operator is used to retrieve specific data from a table based on a certain criteria?,ORDER BY,GROUP BY,FILTER BY,WHERE,d,easy,remembering,DBMS
Data Manipulation Language (DML) and Query Optimization,Which of the following is a technique used to optimize SQL queries to execute faster?,Indexing,Normalizing,Denormalizing,Partitioning,a,hard,analyzing,DBMS
Data Manipulation Language (DML) and Query Optimization,Which of the following SQL statement is used to update existing records in a table?,SELECT,UPDATE,DELETE,INSERT,b,easy,remembering,DBMS
Data Manipulation Language (DML) and Query Optimization,Which of the following is not a SQL Aggregate function?,MAX(),MIN(),AVG(),UPSERT(),d,medium,understanding,DBMS
Indexing and Query Execution Plans,Which of the following is not an advantage of indexing in a database?,Faster data retrieval,Reduced disk I/O,Decreased storage requirements,Improved query performance,c,medium,understanding,DBMS
Indexing and Query Execution Plans,Which of the following is a commonly used indexing technique in relational databases?,B-tree indexing,Hash indexing,Inverted indexing,Clustered indexing,a,medium,understanding,DBMS
Indexing and Query Execution Plans,Which of the following is not a type of join used in SQL?,Inner join,Outer join,Full join,Split join,d,easy,remembering,DBMS
Indexing and Query Execution Plans,Which of the following keyword is used to sort the result set in a SQL query?,SELECT,ORDER BY,GROUP BY,WHERE,b,easy,remembering,DBMS
Indexing and Query Execution Plans,Which of the following is a technique used to optimize a SQL query for improved performance?,Indexing,Partitioning,Query caching,Query optimization,d,hard,analyzing,DBMS
Indexing and Query Execution Plans,Which of the following is a plan generated by a database system to execute a SQL query?,Query plan,Execution plan,Indexing plan,Partitioning plan,b,hard,analyzing,DBMS
Indexing and Query Execution Plans,Which of the following statement is true about the cost-based query optimizer in a database system?,It selects the best query plan based on the estimated cost of executing a query,It selects the first query plan that it finds,It selects the query plan with the highest cost,It selects the query plan with the lowest cost,a,hard,analyzing,DBMS
Indexing and Query Execution Plans,Which of the following statement is true about clustered indexing in a database?,It determines the physical order of data in a table,It is used to create a copy of an existing table,It is used to enforce referential integrity constraints,It is used to reduce disk I/O,a,medium,understanding,DBMS
Indexing and Query Execution Plans,Which of the following keyword is used to combine multiple SELECT statements into a single result set in a SQL query?,JOIN,UNION,LIKE,IN,b,medium,applying,DBMS
Indexing and Query Execution Plans,Which of the following is not a disadvantage of indexing in a database?,Increased storage requirements,Decreased write performance,Increased disk I/O,Improved query performance,d,easy,remembering,DBMS
Database Security and Authorization,Which of the following is the process of verifying that a user is who they claim to be?,Authentication,Authorization,Encryption,Decryption,a,easy,remembering,DBMS
Database Security and Authorization,Which of the following is the process of determining what level of access an authenticated user should have to a database?,Authentication,Authorization,Encryption,Decryption,b,easy,remembering,DBMS
Database Security and Authorization,Which of the following is a database security measure that is used to protect sensitive data by encoding it into an unreadable format?,Encryption,Decryption,Authentication,Authorization,a,medium,understanding,DBMS
Database Security and Authorization,Which of the following is a database security measure that allows access to data to be granted or denied based on the user's identity or role?,Authentication,Authorization,Encryption,Decryption,b,easy,remembering,DBMS
Database Security and Authorization,Which of the following is a database security measure that ensures that data is not modified or accessed by unauthorized users during a transaction?,Concurrency control,Authorization,Encryption,Decryption,a,hard,applying,DBMS
Database Security and Authorization,Which of the following is a database security measure that limits the ability of users to view and modify data only to the extent that is necessary to perform their job duties?,Least privilege,Authorization,Encryption,Decryption,a,medium,understanding,DBMS
Database Security and Authorization,Which of the following is a database security measure that audits database activity and tracks changes to data to ensure compliance with regulations and policies?,Database auditing,Authorization,Encryption,Decryption,a,hard,applying,DBMS
Database Security and Authorization,Which of the following is a database security measure that controls access to sensitive data by allowing it to be accessed only through specific applications?,Application-level security,Authorization,Encryption,Decryption,a,hard,analyzing,DBMS
Database Security and Authorization,Which of the following is a database security measure that allows data to be automatically encrypted when it is stored in a database?,Transparent data encryption,Authorization,Encryption,Decryption,a,medium,understanding,DBMS
Database Security and Authorization,Which of the following is a database security measure that ensures that data is not lost due to system failures or disasters by making backup copies of the database?,Database backup and recovery,Authorization,Encryption,Decryption,a,medium,understanding,DBMS
Transactions and Concurrency Control,Which of the following is the primary goal of concurrency control in a database?,Ensuring data consistency,Improving query performance,Reducing disk space usage,Optimizing database design,a,medium,understanding,DBMS
Transactions and Concurrency Control,What is a transaction in a database?,A single SQL statement,A collection of SQL statements,A set of tables,A database schema,b,easy,remembering,DBMS
Transactions and Concurrency Control,Which of the following is a property of a transaction in a database?,Atomicity,Concurrent execution,Partial rollback,Optimistic locking,a,medium,understanding,DBMS
Transactions and Concurrency Control,What is a deadlock in a database?,A situation where two or more transactions are waiting for each other to release locks,A situation where a transaction is waiting for another transaction to commit or rollback,A situation where a transaction has an incorrect view of the database,A situation where a transaction is aborted due to a conflict with another transaction,a,hard,applying,DBMS
Transactions and Concurrency Control,Which of the following is a technique used for concurrency control in a database?,Locking,Sorting,Indexing,Clustering,a,medium,understanding,DBMS
Transactions and Concurrency Control,Which of the following is a type of lock used for concurrency control in a database?,Shared lock,Exclusive lock,Update lock,All of the above,d,hard,analyzing,DBMS
Transactions and Concurrency Control,What is optimistic locking in a database?,A technique where a transaction acquires a lock before accessing a record,A technique where a transaction assumes that there will be no conflicts and proceeds without acquiring locks,A technique where a transaction releases locks after it has finished accessing a record,A technique where a transaction uses a timestamp to determine the order of operations,b,hard,applying,DBMS
Transactions and Concurrency Control,What is a transaction isolation level in a database?,A property that determines the level of concurrency in a database,A property that determines the level of data consistency in a database,A property that determines the level of data security in a database,A property that determines the level of database performance,a,medium,understanding,DBMS
Transactions and Concurrency Control,Which of the following is a transaction isolation level in a database?,Read uncommitted,Read committed,Repeatable read,All of the above,d,hard,analyzing,DBMS
Transactions and Concurrency Control,What is a serializable transaction isolation level in a database?,A transaction isolation level where transactions are executed sequentially,A transaction isolation level where transactions are executed concurrently,A transaction isolation level where conflicts are resolved using optimistic locking,A transaction isolation level where conflicts are resolved using pessimistic locking,a,hard,applying,DBMS
Backup Recovery and High Availability,What is the purpose of database backup?,To protect against data loss,To improve query performance,To add new features to the database,To simplify data modeling,a,easy,remembering,DBMS
Backup Recovery and High Availability,Which of the following backup types takes the longest to perform?,Full backup,Incremental backup,Differential backup,Transaction log backup,a,medium,applying,DBMS
Backup Recovery and High Availability,What is the purpose of database recovery?,To restore a database to a consistent state after a failure,To make a copy of the database for testing purposes,To delete old data from the database,To optimize database performance,a,medium,understanding,DBMS
Backup Recovery and High Availability,What is the purpose of high availability in database systems?,To minimize downtime and ensure access to data at all times,To improve database performance,To enable data analysis and reporting,To simplify database administration,a,hard,applying,DBMS
Backup Recovery and High Availability,Which of the following is a commonly used backup storage medium?,Magnetic tape,CD-ROM,USB flash drive,Hard disk drive,d,easy,remembering,DBMS
Backup Recovery and High Availability,What is the difference between a full backup and an incremental backup?,A full backup backs up all data while an incremental backup only backs up data that has changed since the last backup,A full backup only backs up data that has changed since the last backup while an incremental backup backs up all data,A full backup and an incremental backup are the same thing,A full backup is faster than an incremental backup,a,medium,understanding,DBMS
Backup Recovery and High Availability,Which of the following is an example of a disaster recovery plan?,Backing up data to a remote location,Using RAID technology to improve database performance,Using a load balancer to distribute database queries,Using an index to improve query performance,a,hard,analyzing,DBMS
Backup Recovery and High Availability,Which of the following is a common method for achieving high availability in database systems?,Database replication,Data encryption,Query optimization,Schema design,a,medium,applying,DBMS
Backup Recovery and High Availability,Which of the following is an example of a high availability technique?,Database mirroring,Data compression,Table partitioning,Query tuning,a,hard,applying,DBMS
Backup Recovery and High Availability,What is the purpose of a backup and recovery plan?,To ensure that data can be restored after a failure,To improve database performance,To simplify database administration,To enable data analysis and reporting,a,easy,remembering,DBMS
NoSQL Databases and Big Data Management,What is a NoSQL database?,A database that does not use SQL as its query language,A database that only stores data in a single table,A database that is not compatible with any programming language,A database that does not require indexing,a,medium,understanding,DBMS
NoSQL Databases and Big Data Management,What is the advantage of using a NoSQL database?,Ability to handle unstructured and semi-structured data,Higher consistency guarantees,Lower scalability,Ability to enforce schema constraints,a,hard,applying,DBMS
NoSQL Databases and Big Data Management,Which of the following is a type of NoSQL database?,Document-oriented database,Relational database,Flat-file database,Hierarchical database,a,medium,understanding,DBMS
NoSQL Databases and Big Data Management,What is CAP theorem?,A theorem that states it is impossible for a distributed system to simultaneously provide consistency availability and partition tolerance,An algorithm used for sorting data in a NoSQL database,A theorem that states a database should have a schema,An algorithm used for indexing data in a NoSQL database,a,hard,analyzing,DBMS
NoSQL Databases and Big Data Management,What is a sharding in a NoSQL database?,The process of partitioning data across multiple servers,The process of backing up data to a different server,The process of indexing data for faster query response,The process of optimizing data storage,a,hard,applying,DBMS
NoSQL Databases and Big Data Management,What is Hadoop?,An open-source software framework used for distributed storage and processing of big data,An RDBMS,An indexing algorithm used in NoSQL databases,A data visualization tool,a,medium,understanding,DBMS
NoSQL Databases and Big Data Management,What is MapReduce?,A programming model used for processing large amounts of data in a distributed system,A query language used in NoSQL databases,A schema used for organizing data in a NoSQL database,A data processing tool,a,hard,applying,DBMS
NoSQL Databases and Big Data Management,What is the difference between a traditional database and a Big Data system?,Big Data systems are designed to handle large volumes of unstructured data,Traditional databases are faster than Big Data systems,Traditional databases are better at handling real-time data,Traditional databases require less storage space,a,medium,applying,DBMS
NoSQL Databases and Big Data Management,What is Apache Cassandra?,A distributed NoSQL database management system,An SQL database management system,A data warehousing tool,An indexing algorithm used in NoSQL databases,a,hard,applying,DBMS
NoSQL Databases and Big Data Management,What is a key-value store database?,A database that stores data as key-value pairs,An SQL database that only stores keys as values,An indexing algorithm used in NoSQL databases,An SQL database that stores values as keys,a,medium,understanding,DBMS
Distributed Databases and Replication,What is a distributed database?,A database that is stored on a single computer, A database that is replicated on multiple computers, A database that is partitioned across multiple computers, A database that is only accessible through a network connection,c,medium,understanding,DBMS
Distributed Databases and Replication,What is database replication?,The process of distributing a database across multiple computers, The process of creating a copy of a database on another computer, The process of optimizing database performance, The process of securing a database against unauthorized access,b,medium,understanding,DBMS
Distributed Databases and Replication,What are the advantages of using a distributed database?,Improved availability and reliability, Reduced cost of hardware, Improved security, Increased query performance,a,hard,applying,DBMS
Distributed Databases and Replication,What is database partitioning?,The process of distributing a database across multiple computers, The process of dividing a database into smaller more manageable parts, The process of creating a copy of a database on another computer, The process of optimizing database performance,b,hard,applying,DBMS
Distributed Databases and Replication,What is database sharding?,A form of horizontal database partitioning, A form of vertical database partitioning, A process of replicating a database on multiple computers, A process of distributing a database across multiple locations,a,hard,analyzing,DBMS
Distributed Databases and Replication,What is the CAP theorem?,A principle in distributed computing, A method of data encryption, A database management system, A network protocol,a,hard,analyzing,DBMS
Distributed Databases and Replication,What is consistency in distributed databases?,Ensuring that all nodes see the same data at the same time, Ensuring that data is available when requested, Ensuring that data is not lost in the event of a failure, Ensuring that data is not corrupted,a,medium,understanding,DBMS
Distributed Databases and Replication,What is partition tolerance in the CAP theorem?,The ability of a system to function even if network partitions occur, The ability of a system to always provide consistent data, The ability of a system to handle a large number of requests, The ability of a system to recover quickly from failures,a,hard,applying,DBMS
Distributed Databases and Replication,What is the role of a coordinator in a distributed database?,To manage the replication of data across nodes, To ensure consistency of data across nodes, To handle queries from clients and route them to the appropriate nodes, To monitor the health of each node in the system,c,medium,understanding,DBMS
Distributed Databases and Replication,What is the purpose of data partitioning in a distributed database?,To improve performance and scalability, To ensure data is always consistent across all nodes, To improve security, To reduce the cost of hardware,a,hard,applying,DBMS
Introduction to OOP,What does OOP stand for?,Object-Oriented Programming,Object-Oriented Protocol,Overriding Oriented Programming,Object Output Programming,a,easy,remembering,OOPS
Introduction to OOP,Which of the following is not a fundamental concept of OOP?,Inheritance,Polymorphism,Abstraction,Relational,d,medium,understanding,OOPS
Introduction to OOP,Which of the following is not a characteristic of OOP?,Encapsulation,Polymorphism,Inheritance,Function-oriented,d,easy,remembering,OOPS
Introduction to OOP,Which of the following best describes inheritance in OOP?,It allows a class to inherit properties and behaviors of another class,It allows a class to override properties and behaviors of another class,It allows a class to encapsulate properties and behaviors of another class,It allows a class to implement properties and behaviors of another class,a,medium,understanding,OOPS
Introduction to OOP,Which of the following best describes polymorphism in OOP?,It allows a class to inherit properties and behaviors of another class,It allows a class to override properties and behaviors of another class,It allows objects of different classes to be treated as if they were objects of the same class,It allows a class to encapsulate properties and behaviors of another class,c,medium,applying,OOPS
Introduction to OOP,What is a class in OOP?,A blueprint for creating objects,A behavior of an object,A property of an object,A way of representing data,a,easy,remembering,OOPS
Introduction to OOP,What is an object in OOP?,An instance of a class,A blueprint for creating classes,A way of representing data,A behavior of an object,a,easy,remembering,OOPS
Introduction to OOP,Which of the following is a real-world example of encapsulation in OOP?,A car with its internal components hidden,A car with its internal components visible,A building with all of its internal systems visible,A building with all of its internal systems hidden,a,hard,analyzing,OOPS
Introduction to OOP,Which of the following is a real-world example of inheritance in OOP?,A sports car and a sedan car inheriting properties and behaviors from a car class,A laptop and a desktop inheriting properties and behaviors from a computer class,A book and a pen inheriting properties and behaviors from a writing instrument class,A house and a car inheriting properties and behaviors from a transportation class,a,hard,applying,OOPS
Introduction to OOP,Which of the following is a real-world example of polymorphism in OOP?,A cat and a dog inheriting properties and behaviors from an animal class,A square and a rectangle inheriting properties and behaviors from a shape class,A bike and a car inheriting properties and behaviors from a vehicle class,A teacher and a student inheriting properties and behaviors from a person class,b,hard,analyzing,OOPS
Encapsulation and Abstraction,Which of the following concepts focuses on hiding the complexity of an object and showing only essential features to the user?,Encapsulation,Abstraction,Inheritance,Polymorphism,b,medium,understanding,OOPS
Encapsulation and Abstraction,Which of the following is not a benefit of encapsulation?,Code reusability,Data hiding,Improved modularity,Easier maintenance,d,easy,remembering,OOPS
Encapsulation and Abstraction,Which of the following is not true about encapsulation?,It provides improved security,It reduces the complexity of code,It helps in achieving abstraction,It allows direct access to object's internal state,d,medium,understanding,OOPS
Encapsulation and Abstraction,Which of the following is an example of abstraction in object-oriented programming?,Instantiating an object,Implementing an interface,Declaring a variable,Using a method,d,medium,applying,OOPS
Encapsulation and Abstraction,Which of the following refers to the process of bundling data and methods into a single unit?,Encapsulation,Abstraction,Inheritance,Polymorphism,a,easy,remembering,OOPS
Encapsulation and Abstraction,Which of the following is not an access modifier in Java?,public,protected,private,static,d,medium,understanding,OOPS
Encapsulation and Abstraction,Which of the following is not an example of encapsulation in Java?,Getters and Setters,Constructors,Instance variables,Inheritance,d,medium,understanding,OOPS
Encapsulation and Abstraction,Which of the following keywords is used to implement abstraction in Java?,this,super,abstract,interface,c,medium,applying,OOPS
Encapsulation and Abstraction,Which of the following keywords is used to implement encapsulation in Java?,this,super,private,protected,c,easy,understanding,OOPS
Encapsulation and Abstraction,Which of the following is an example of encapsulation and abstraction in Java?,The use of interfaces,The use of inheritance,The use of static methods,The use of public variables,a,hard,analyzing,OOPS
Inheritance and Polymorphism,What is inheritance in object-oriented programming?,The ability to create multiple instances of a class,The process of creating a new class from an existing class,The ability of an object to take on many forms,The process of creating a new object,b,medium,understanding,OOPS
Inheritance and Polymorphism,What is the purpose of using inheritance in object-oriented programming?,To reduce code redundancy,To make the code more readable,To increase the speed of the program,To reduce the size of the program,a,medium,understanding,OOPS
Inheritance and Polymorphism,What is polymorphism in object-oriented programming?,The ability of an object to take on many forms,The process of creating a new class from an existing class,The ability to create multiple instances of a class,The process of creating a new object,a,medium,understanding,OOPS
Inheritance and Polymorphism,What is the purpose of using polymorphism in object-oriented programming?,To create more instances of a class,To reduce code redundancy,To make the code more readable,To increase the speed of the program,b,medium,understanding,OOPS
Inheritance and Polymorphism,What is method overriding in object-oriented programming?,The ability of a subclass to provide its own implementation of a method that is already defined in its superclass,The ability of a superclass to provide its own implementation of a method that is already defined in its subclass,The process of creating a new class from an existing class,The ability to create multiple instances of a class,a,hard,applying,OOPS
Inheritance and Polymorphism,What is method overloading in object-oriented programming?,The ability to create multiple instances of a class,The ability of a subclass to provide its own implementation of a method that is already defined in its superclass,The process of creating a new class from an existing class,The ability to provide multiple implementations of a method with different parameters,d,medium,understanding,OOPS
Inheritance and Polymorphism,What is the difference between method overloading and method overriding in object-oriented programming?,Method overloading is used to provide multiple implementations of a method with different parameters while method overriding is used to provide a new implementation of an existing method in a subclass,Method overriding is used to provide multiple implementations of a method with different parameters while method overloading is used to provide a new implementation of an existing method in a subclass,Method overloading and method overriding are the same thing,Method overloading is not used in object-oriented programming,a,hard,analyzing,OOPS
Inheritance and Polymorphism,What is a superclass in object-oriented programming?,A class that inherits properties and methods from another class,The parent class of an object,An object that inherits properties and methods from another object,The child class of an object,a,medium,applying,OOPS
Inheritance and Polymorphism,What is a subclass in object-oriented programming?,A class that inherits properties and methods from another class,The parent class of an object,An object that inherits properties and methods from another object,The child class of an object,d,medium,applying,OOPS
Inheritance and Polymorphism,What is the purpose of using abstract classes and interfaces in object-oriented programming?,To provide a common interface for a group of related classes,To create objects,To provide a blueprint for a class,To store data,a,hard,analyzing,OOPS
Interfaces and Abstract Classes,What is an abstract class?,A class that can be instantiated directly,An interface with no method, A class with at least one abstract method, A class with only private methods,c,medium,understanding,OOPS
Interfaces and Abstract Classes,What is the purpose of an interface in Java?,To provide a default implementation for a set of methods, To define a contract for a set of methods that a class must implement, To provide a way to declare constants in a class, To define a set of related methods that can be invoked by a class,b,medium,understanding,OOPS
Interfaces and Abstract Classes,Which of the following is true about interfaces in Java?,An interface can be used to define a concrete class, An interface can only contain abstract methods, An interface can contain both abstract and non-abstract methods, An interface cannot be implemented by a class,b,medium,understanding,OOPS
Interfaces and Abstract Classes,What is the purpose of an abstract method?,To provide a default implementation for a set of methods, To define a contract for a method that a class must implement, To provide a way to declare constants in a class, To define a set of related methods that can be invoked by a class,b,medium,understanding,OOPS
Interfaces and Abstract Classes,What is the difference between an interface and an abstract class?,An interface can only contain abstract methods while an abstract class can contain both abstract and non-abstract methods, An interface can be instantiated directly while an abstract class cannot, An abstract class can only contain abstract methods while an interface can contain both abstract and non-abstract methods, An abstract class can be implemented by a class while an interface cannot be implemented,a,medium,understanding,OOPS
Interfaces and Abstract Classes,What is the purpose of a default method in an interface?,To provide a default implementation for a method that a class must implement, To define a contract for a method that a class must implement, To provide a way to declare constants in a class, To define a set of related methods that can be invoked by a class,a,hard,applying,OOPS
Interfaces and Abstract Classes,Can an interface extend another interface?,Yes an interface can extend another interface, No an interface cannot extend another interface, Yes but only if the extended interface is also abstract, Yes but only if the extended interface does not contain any abstract methods,a,hard,analyzing,OOPS
Interfaces and Abstract Classes,Can an abstract class implement an interface?,Yes an abstract class can implement an interface, No an abstract class cannot implement an interface, Yes but only if the interface contains only non-abstract methods, Yes but only if the abstract class contains only non-abstract methods,a,hard,analyzing,OOPS
Interfaces and Abstract Classes,Which of the following is not a feature of interfaces in Java?,An interface can contain constants, An interface can only contain non-abstract methods, A class can implement multiple interfaces, An interface can be extended by another interface,b,medium,understanding,OOPS
Interfaces and Abstract Classes,What is the purpose of an abstract class that implements an interface?,To provide a default implementation for a set of methods defined in the interface, To provide an implementation for all methods defined in the interface, To declare a set of related methods that a class must implement, To define a set of constants that a class must use,a,hard,applying,OOPS
Overloading and Overriding,Which of the following is a compile-time polymorphism?,Overloading,Overriding,Both A and B,None of the above,a,easy,remembering,OOPS
Overloading and Overriding,Which of the following is not true about overloading?,Two or more methods can have the same name in a class,Overloading can be performed on constructors,Return type of overloaded method can be different,Parameters of overloaded method should be different,c,medium,understanding,OOPS
Overloading and Overriding,Which of the following is not true about overriding?,Two or more methods can have the same name in a class,Return type of overriding method should be same as the overridden method,Parameters of overriding method should be same as the overridden method,The access level of the overriding method can be more restrictive than the overridden method,a,medium,understanding,OOPS
Overloading and Overriding,Which of the following is a run-time polymorphism?,Overloading,Overriding,Both A and B,None of the above,b,easy,remembering,OOPS
Overloading and Overriding,Which of the following is true about method overloading?,Overloading increases the readability of the program,Overloading can't be performed on constructors,The overloaded method can have different return types,The overloaded method must have the same name and same parameters,a,medium,applying,OOPS
Overloading and Overriding,Which of the following is true about method overriding?,Overriding is used for runtime polymorphism,Overriding is used for code reuse,Overriding can't be performed on private methods,The overridden method must have the same name parameters and return type,d,medium,applying,OOPS
Overloading and Overriding,Which of the following is not an example of overloading?,Different number of parameters,Same number of parameters with different data types,Same number of parameters with same data types but different sequence,Same number of parameters with same data types and same sequence,d,easy,understanding,OOPS
Overloading and Overriding,Which of the following is not an example of overriding?,A subclass providing its own implementation for a method defined in its superclass,The access level of the overriding method is less restrictive than the overridden method,The overridden method is marked as final in the superclass,The name of the overriding method is the same as the overridden method,c,hard,analyzing,OOPS
Overloading and Overriding,Which of the following is used for compile-time polymorphism?,Overloading,Overriding,Both A and B,None of the above,a,easy,remembering,OOPS
Overloading and Overriding,Which of the following is used for runtime polymorphism?,Overloading,Overriding,Both A and B,None of the above,b,easy,remembering,OOPS
Exception Handling,What is an exception in Java?,A runtime error,A compile-time error,A logical error,An execution error,a,easy,remembering,OOPS
Exception Handling,Which keyword is used to handle an exception in Java?,try,catch,finally,throw,b,medium,understanding,OOPS
Exception Handling,What is the purpose of the finally block in Java exception handling?,To handle an exception,To throw an exception,To execute a block of code,To catch an exception,c,hard,applying,OOPS
Exception Handling,What is the difference between checked and unchecked exceptions?,Checked exceptions must be caught or declared,Unchecked exceptions need not be caught or declared,Both A and B are correct,None of the above,d,hard,analyzing,OOPS
Exception Handling,What happens if an exception is not caught in Java?,The program will compile but will fail at runtime,The program will fail to compile,The program will execute without any errors,The program will stop abruptly without completing its execution,d,hard,analyzing,OOPS
Exception Handling,What is the purpose of the throws keyword in Java exception handling?,To declare an exception in a method signature,To catch an exception in a method,To handle an exception in a method,To define an exception class,a,hard,applying,OOPS
Exception Handling,Which exception is thrown when a method tries to access an object that is null?,NullPointerException,NumberFormatException,ArrayIndexOutOfBoundsException,ArithmeticException,a,medium,understanding,OOPS
Exception Handling,Which method of the Exception class is used to print the description of an exception?,printStackTrace(),getMessage(),getCause(),toString(),b,medium,applying,OOPS
Exception Handling,What is the purpose of the throw keyword in Java exception handling?,To throw an exception manually,To catch an exception manually,To handle an exception manually,To define an exception class,a,hard,applying,OOPS
Exception Handling,What is the purpose of the try block in Java exception handling?,To write the code that can cause an exception,To catch and handle the exception,To execute a block of code,To declare an exception,a,medium,understanding,OOPS
Design Patterns,Which of the following is not a category of design patterns?,Creational patterns,Structural patterns,Architectural patterns,Behavioral patterns,c,easy,remembering,OOPS
Design Patterns,Which of the following pattern deals with creating objects based on a template and deferring some of the steps to its subclasses?,Abstract Factory,Builder,Template Method,Prototype,c,medium,understanding,OOPS
Design Patterns,Which of the following pattern is used to manage a group of related objects?,Factory Method,Iterator,Composite,Singleton,c,medium,applying,OOPS
Design Patterns,Which of the following pattern provides a way to access the elements of an object without exposing its underlying representation?,Adapter,Facade,Iterator,Decorator,c,hard,analyzing,OOPS
Design Patterns,Which of the following pattern is used to alter the behavior of an object at runtime without changing its class?,Proxy,Chain of Responsibility,Command,Interpreter,a,hard,analyzing,OOPS
Design Patterns,Which of the following pattern provides a way to encapsulate a request as an object thereby letting you parameterize clients with different requests queue or log requests and support undoable operations?,Command,Iterator,Observer,Strategy,a,hard,analyzing,OOPS
Design Patterns,Which of the following pattern allows an object to alter its behavior when its internal state changes?,Visitor,State,Chain of Responsibility,Interpreter,b,hard,analyzing,OOPS
Design Patterns,Which of the following pattern is used to create objects in a system independent of how they are created composed and represented?,Abstract Factory,Factory Method,Builder,Singleton,a,medium,understanding,OOPS
Design Patterns,Which of the following pattern is used when we want to provide a single instance of a class to the entire system?,Singleton,Abstract Factory,Factory Method,Prototype,a,medium,understanding,OOPS
Design Patterns,Which of the following pattern provides a way to define a family of algorithms encapsulate each one as an object and make them interchangeable?,Strategy,State,Visitor,Interpreter,a,hard,analyzing,OOPS
Testing and Debugging,What is the purpose of testing in software development?,To fix bugs,To create bugs,To waste time,To confuse users,a,easy,remembering,OOPS
Testing and Debugging,Which of the following is not a type of software testing?,Unit testing,System testing,Integration testing,Keyboard testing,d,easy,remembering,OOPS
Testing and Debugging,Which of the following is used to identify defects in software before it is released?,Debugging,Testing,Deployment,Refactoring,b,easy,remembering,OOPS
Testing and Debugging,Which of the following is not a software testing technique?,Black-box testing,White-box testing,Green-box testing,Yellow-box testing,d,medium,understanding,OOPS
Testing and Debugging,Which of the following is not a phase of software testing?,Test planning,Test execution,Test development,Test reporting,c,medium,understanding,OOPS
Testing and Debugging,Which of the following is a type of black-box testing?,Boundary value analysis,Statement coverage,Branch coverage,Path coverage,a,medium,applying,OOPS
Testing and Debugging,Which of the following is not a software bug?,Logic error,Syntax error,Run-time error,Debugging error,d,easy,remembering,OOPS
Testing and Debugging,What is the main objective of debugging?,To fix errors in software,To create errors in software,To waste time,To confuse users,a,easy,remembering,OOPS
Testing and Debugging,Which of the following is not a debugging technique?,Binary search,Print statements,Breakpoints,Step into,a,medium,understanding,OOPS
Testing and Debugging,What is the process of removing errors in software called?,Debugging,Testing,Deployment,Refactoring,a,easy,remembering,OOPS
Advanced Topics in OOP,What is the difference between composition and aggregation in object-oriented programming?,Composition is a strong form of aggregation where objects have a strong ownership of their contained objects,Aggregation is a strong form of composition where objects have a strong ownership of their contained objects,Composition is a weak form of aggregation where objects do not have a strong ownership of their contained objects,Aggregation is a weak form of composition where objects do not have a strong ownership of their contained objects,a,medium,understanding,OOPS
Advanced Topics in OOP,What is a design pattern in software engineering?,A general reusable solution to a commonly occurring problem within a given context in software design,An architectural blueprint for a software system,An algorithmic approach to solve complex problems,An efficient way to store and retrieve data in a database,a,hard,applying,OOPS
Advanced Topics in OOP,What is the purpose of the SOLID principles in OOP?,To increase code readability and maintainability,To decrease code complexity,To decrease code coupling and increase cohesion,To promote code reusability and scalability,c,medium,understanding,OOPS
Advanced Topics in OOP,What is the difference between composition and inheritance in OOP?,Composition allows for better code flexibility and is preferred over inheritance,Inheritance allows for better code flexibility and is preferred over composition,Composition creates a has-a relationship between objects while inheritance creates an is-a relationship,Inheritance creates a has-a relationship between objects while composition creates an is-a relationship,c,hard,applying,OOPS
Advanced Topics in OOP,What is the purpose of the Factory Method design pattern in OOP?,To create objects without exposing the creation logic,To create objects with a single constructor call,To create objects with a private constructor,To create objects with a static method,a,hard,analyzing,OOPS
Advanced Topics in OOP,What is the purpose of the Singleton design pattern in OOP?,To ensure that only one instance of a class is created,To ensure that a class cannot be instantiated,To ensure that a class can only be instantiated by a factory,To ensure that a class cannot be inherited,a,hard,analyzing,OOPS
Advanced Topics in OOP,What is the purpose of the Observer design pattern in OOP?,To establish a one-to-many dependency between objects,To allow objects to be notified when another object's state changes,To allow objects to be notified when a method is called,To allow objects to be notified when a thread is blocked,a,hard,applying,OOPS
Advanced Topics in OOP,What is the purpose of the Template Method design pattern in OOP?,To define the skeleton of an algorithm in a base class,To define a single interface for a set of interfaces,To define a family of algorithms,To define a hierarchy of interfaces,a,hard,applying,OOPS
Advanced Topics in OOP,What is the difference between a checked and an unchecked exception in Java?,A checked exception must be handled or declared while an unchecked exception does not,An unchecked exception must be handled or declared while a checked exception does not,A checked exception is thrown by the programmer while an unchecked exception is thrown by the JVM,A checked exception is a runtime exception while an unchecked exception is a compile-time exception,a,medium,applying,OOPS
Advanced Topics in OOP,What is the purpose of test-driven development (TDD)?,To write automated tests before writing code,To write automated tests after writing code,To manually test code after writing it,To skip testing altogether,a,medium,applying,OOPS
OOP in Practice,What is the main benefit of using object-oriented programming in practice?,Code reusability,Code maintainability,Code readability,Code efficiency,a,easy,remembering,OOPS
OOP in Practice,Which of the following is a common design pattern used in OOP for creating objects?,Builder pattern,Observer pattern,Adapter pattern,Singleton pattern,d,medium,understanding,OOPS
OOP in Practice,Which of the following is not a principle of SOLID design in OOP?,Single responsibility principle,Open-closed principle,Liskov substitution principle,Abstract factory principle,d,hard,applying,OOPS
OOP in Practice,What is the purpose of the factory method pattern in OOP?,To create objects without specifying the exact class of object that will be created,To create objects that are interchangeable with other objects of the same type,To create objects that have only one instance in the program,To create objects that have a predefined set of properties,a,medium,understanding,OOPS
OOP in Practice,What is the purpose of the dependency inversion principle in OOP?,To ensure that high-level modules depend on low-level modules,To ensure that low-level modules depend on high-level modules,To ensure that the design is open for extension but closed for modification,To ensure that classes have only one responsibility,b,hard,applying,OOPS
OOP in Practice,What is the purpose of the observer pattern in OOP?,To ensure that only one instance of a class can be created,To ensure that objects can be created without specifying their class,To notify an object of a change in the state of another object,To provide a way to access elements of an aggregate object sequentially,c,medium,understanding,OOPS
OOP in Practice,What is the purpose of the strategy pattern in OOP?,To provide a way to create objects without specifying their class,To encapsulate a family of algorithms and make them interchangeable,To ensure that a class has only one instance in the program,To provide a way to access elements of an aggregate object sequentially,b,hard,applying,OOPS
OOP in Practice,Which of the following is not a principle of defensive programming in OOP?,Check for null references,Validate user input,Use recursion for complex tasks,Handle errors and exceptions gracefully,c,medium,understanding,OOPS
OOP in Practice,What is the purpose of the decorator pattern in OOP?,To add new functionality to an existing object without altering its structure,To create objects that have a predefined set of properties,To provide a way to access elements of an aggregate object sequentially,To encapsulate a family of algorithms and make them interchangeable,a,hard,applying,OOPS
OOP in Practice,Which of the following is not a principle of the agile development process in OOP?,Individuals and interactions over processes and tools,Working software over comprehensive documentation,Customer collaboration over contract negotiation,Following a plan over responding to change,d,medium,understanding,OOPS
